Name,Gender,City,State,Email,DOB,Picture
رونیکا حسینی,female,ایلام,سمنان,rwnykh.hsyny@example.com,1964-01-04T13:52:50.581Z,https://randomuser.me/api/portraits/women/17.jpg
Ilka Schuhmann,female,Möckern,Sachsen-Anhalt,ilka.schuhmann@example.com,1988-03-08T06:18:46.872Z,https://randomuser.me/api/portraits/women/28.jpg
کوروش پارسا,male,کرج,البرز,khwrwsh.prs@example.com,1978-04-15T23:31:24.745Z,https://randomuser.me/api/portraits/men/92.jpg
Alois Arnaud,male,Zernez,Nidwalden,alois.arnaud@example.com,1995-07-28T18:04:43.408Z,https://randomuser.me/api/portraits/men/51.jpg
احسان مرادی,male,کرمان,کهگیلویه و بویراحمد,hsn.mrdy@example.com,1980-10-11T03:16:16.730Z,https://randomuser.me/api/portraits/men/75.jpg
Kübra Düşenkalkar,female,Hatay,Tekirdağ,kubra.dusenkalkar@example.com,1997-02-05T12:13:25.959Z,https://randomuser.me/api/portraits/women/84.jpg
Tamara da Conceição,female,Valparaíso de Goiás,Santa Catarina,tamara.daconceicao@example.com,1978-07-27T04:57:04.036Z,https://randomuser.me/api/portraits/women/60.jpg
Vanessa Richards,female,Bristol,Northumberland,vanessa.richards@example.com,1968-03-04T23:23:14.444Z,https://randomuser.me/api/portraits/women/27.jpg
محمدطاها کریمی,male,رشت,سمنان,mhmdth.khrymy@example.com,1963-11-12T02:05:54.837Z,https://randomuser.me/api/portraits/men/16.jpg
Mark Vasquez,male,Gloucester,Tyne and Wear,mark.vasquez@example.com,1956-04-25T08:31:33.411Z,https://randomuser.me/api/portraits/men/6.jpg
Justin Denys,male,Richmond,New Brunswick,justin.denys@example.com,1975-10-15T14:28:24.048Z,https://randomuser.me/api/portraits/men/50.jpg
Abigail Harris,female,Stevenage,Dyfed,abigail.harris@example.com,1979-10-28T12:20:38.535Z,https://randomuser.me/api/portraits/women/33.jpg
Hugh Lewis,male,Rochmond,Massachusetts,hugh.lewis@example.com,1962-08-05T18:41:57.734Z,https://randomuser.me/api/portraits/men/36.jpg
Diaz Zuiderveld,male,Empe,Limburg,diaz.zuiderveld@example.com,1992-02-14T19:16:41.627Z,https://randomuser.me/api/portraits/men/49.jpg
Carmelo Vargas,male,Lorca,Canarias,carmelo.vargas@example.com,1986-09-10T15:50:13.548Z,https://randomuser.me/api/portraits/men/52.jpg
آرمین کریمی,male,بابل,ایلام,armyn.khrymy@example.com,1970-03-25T17:43:53.276Z,https://randomuser.me/api/portraits/men/34.jpg
Dorris Gijsman,female,Alphen Gld,Noord-Holland,dorris.gijsman@example.com,1948-07-27T09:01:19.834Z,https://randomuser.me/api/portraits/women/86.jpg
Emilie Clark,female,Russell,Newfoundland and Labrador,emilie.clark@example.com,1964-06-22T14:46:40.337Z,https://randomuser.me/api/portraits/women/38.jpg
Mae Roux,male,Nice,Maine-et-Loire,mae.roux@example.com,1989-02-20T10:34:18.038Z,https://randomuser.me/api/portraits/men/78.jpg
کیانا نكو نظر,female,دزفول,سمنان,khyn.nkwnzr@example.com,1946-01-02T11:03:20.883Z,https://randomuser.me/api/portraits/women/31.jpg
