ID,Name,Username,Email,City,Website,Company
1,Leanne Graham,Bret,Sincere@april.biz,Gwenborough,hildegard.org,Romaguera-Crona
2,Ervin Howell,Antonette,Shanna@melissa.tv,Wisokyburgh,anastasia.net,Deckow-Crist
3,Clementine Bauch,Samantha,Nathan@yesenia.net,McKenziehaven,ramiro.info,Romaguera-Jacobson
4,Patricia Lebsack,Karianne,Julianne.OConner@kory.org,South Elvis,kale.biz,Robel-Corkery
5,Chelsey Dietrich,Kamren,Lucio_Hettinger@annie.ca,Roscoeview,demarco.info,Keebler LLC
6,Mrs. Dennis Schulist,Leopoldo_Corkery,Karley_Dach@jasper.info,South Christy,ola.org,Considine-Lockman
7,Kurtis Weissnat,Elwyn.Skiles,Telly.Hoeger@billy.biz,Howemouth,elvis.io,Johns Group
8,Nicholas Runolfsdottir V,Maxime_Nienow,Sherwood@rosamond.me,Aliyaview,jacynthe.com,Abernathy Group
9,Glenna Reichert,Delphine,Chaim_McDermott@dana.io,Bartholomebury,conrad.com,Yost and Sons
10,Clementina DuBuque,Moriah.Stanton,Rey.Padberg@karina.biz,Lebsackbury,ambrose.net,Hoeger LLC
